"School","Location","Conference","W","L","T","WinPct","SOS","RPI"
"Eastern Conn. St.","Willimantic, CT","LEC",49,3,0,0.942,56.36,42.51
"Marietta","Marietta, OH","OAC",44,7,0,0.863,57.98,43.7
"LaGrange","LaGrange, GA","CSS",44,9,0,0.83,56.65,42.7
"Webster","St. Louis, MO","SLIAC",38,8,0,0.826,53.42,40.27
"Arcadia","Glenside, PA","MAC Freedom",40,9,0,0.816,56.51,42.59
"Wis.-Stevens Point","Stevens Point, WI","WIAC",42,10,0,0.808,56.77,42.78
"Birmingham-So.","Birmingham, AL","SAA",41,10,0,0.804,54.27,40.9
"Endicott","Beverly, MA","CCC",40,10,0,0.8,56,42.2
"Wash. & Jeff.","Washington, PA","PAC",37,10,0,0.787,52.78,39.78
"Rowan","Glassboro, NJ","NJAC",33,10,0,0.767,58.03,43.72
"Aurora","Aurora, IL","NACC",36,11,0,0.766,53.57,40.37
"Wis.-Whitewater","Whitewater, WI","WIAC",36,11,0,0.766,56.89,42.86
"Salisbury","Salisbury, MD","C2C",39,12,0,0.765,60.33,45.44
"Bethel (MN)","Arden Hills, MN","MIAC",35,11,0,0.761,52.67,39.7
"Denison","Granville, OH","NCAC",35,11,0,0.761,57.78,43.53
"Lynchburg","Lynchburg, VA","ODAC",36,12,0,0.75,55.76,42.01
"Penn St.-Abington","Abington, PA","UEC",33,11,0,0.75,50.97,38.42
"SUNY Brockport","Brockport, NY","SUNYAC",33,11,0,0.75,54.7,41.21
"Shenandoah","Winchester, VA","ODAC",37,12,1,0.75,57.15,43.05
"SUNY Cortland","Cortland, NY","SUNYAC",35,12,0,0.745,58.17,43.82
"Trinity (TX)","San Antonio, TX","SCAC",38,13,0,0.745,56.25,42.38
"Loras","Dubuque, IA","American Rivers",32,11,0,0.744,50.91,38.37
"Baldwin Wallace","Berea, OH","OAC",37,13,0,0.74,56.8,42.78
"Augustana (IL)","Rock Island, IL","CCIW",34,12,0,0.739,51.63,38.91
"Cabrini","Radnor, PA","AEC",31,11,0,0.738,53.23,40.11
"Rhode Island Col.","Providence, RI","LEC",29,10,1,0.738,53.11,40.02
"Wilson","Chambersburg, PA","CSAC",31,11,0,0.738,48.21,36.34
"Hope","Holland, MI","MIAA",28,10,0,0.737,49.28,37.15
"Wheaton (MA)","Norton, MA","NEWMAC",32,12,0,0.727,56.16,42.3
"East Tex. Baptist","Marshall, TX","ASC",33,13,0,0.717,51.16,38.55
"Oswego St.","Oswego, NY","SUNYAC",33,13,0,0.717,60.71,45.71
"Chapman","Orange, CA","SCIAC",35,14,0,0.714,53.41,40.23
"North Central (IL)","Naperville, IL","CCIW",35,14,0,0.714,53.57,40.35
"La Verne","La Verne, CA","SCIAC",30,12,1,0.709,50.91,38.36
"Ithaca","Ithaca, NY","Liberty League",34,14,0,0.708,55.54,41.83
"Kean","Union, NJ","NJAC",31,13,0,0.705,53.4,40.23
"Mitchell","New London, CT","NECC",31,13,0,0.705,53.7,40.45
"Montclair St.","Upper Montclair, NJ","NJAC",31,13,0,0.705,55.07,41.48
"Rochester (NY)","Rochester, NY","Liberty League",31,13,0,0.705,55.06,41.47
"Roger Williams","Bristol, RI","CCC",27,11,2,0.7,55.93,42.12
"Pomona-Pitzer","Claremont, CA","SCIAC",32,14,0,0.696,53.14,40.03
"Scranton","Scranton, PA","LAND",28,12,1,0.695,51.02,38.44
"Wittenberg","Springfield, OH","NCAC",27,12,0,0.692,53.09,39.99
"Middlebury","Middlebury, VT","NESCAC",31,14,0,0.689,54.26,40.87
"Salve Regina","Newport, RI","CCC",30,13,2,0.689,57.8,43.52
"Randolph-Macon","Ashland, VA","ODAC",26,12,0,0.684,54.33,40.92
"Rose-Hulman","Terre Haute, IN","HCAC",28,13,0,0.683,47.33,35.67
"Catholic","Washington, DC","LAND",34,16,0,0.68,56.17,42.3
"Kalamazoo","Kalamazoo, MI","MIAA",27,13,0,0.675,48.96,36.89
"Franklin","Franklin, IN","HCAC",29,14,0,0.674,49.04,36.95
"Immaculata","Immaculata, PA","AEC",29,14,0,0.674,55.08,41.48
"Wm. Paterson","Wayne, NJ","NJAC",31,15,0,0.674,57.95,43.63
"Texas-Dallas","Richardson, TX","ASC",35,17,0,0.673,53.6,40.37
"Wooster","Wooster, OH","NCAC",35,17,0,0.673,58.96,44.39
"Benedictine (IL)","Lisle, IL","NACC",26,13,0,0.667,52.24,39.35
"Bridgewater St.","Bridgewater, MA","MASCAC",30,15,0,0.667,49.45,37.25
"Crown (MN)","St. Bonifacius, MN","UMAC",30,15,0,0.667,47.9,36.09
"Earlham","Richmond, IN","HCAC",26,13,0,0.667,48.23,36.34
"Grove City","Grove City, PA","PAC",28,14,0,0.667,49.77,37.49
"Gust. Adolphus","St. Peter, MN","MIAC",28,14,0,0.667,52.98,39.9
"Lawrence","Appleton, WI","MWC",26,13,0,0.667,45.86,34.56
"Texas Lutheran","Seguin, TX","SCAC",28,14,0,0.667,52.05,39.21
"Tufts","Medford, MA","NESCAC",24,12,0,0.667,53.33,40.16
"St. John Fisher","Pittsford, NY","E8",31,16,0,0.66,55.06,41.46
"Buena Vista","Storm Lake, IA","American Rivers",27,14,0,0.659,53.06,39.96
"Chris. Newport","Newport News, VA","C2C",27,14,0,0.659,58.84,44.29
"Hendrix","Conway, AR","SAA",29,15,0,0.659,50.96,38.38
"Marymount (VA)","Arlington, VA","AEC",29,15,0,0.659,53.08,39.98
"Emory","Atlanta, GA","UAA",25,13,0,0.658,56.21,42.32
"Cal Lutheran","Thousand Oaks, CA","SCIAC",30,16,0,0.652,53.44,40.24
"Lebanon Valley","Annville, PA","MACC",30,16,0,0.652,52.36,39.43
"Colby","Waterville, ME","NESCAC",24,13,0,0.649,50.63,38.13
"Skidmore","Saratoga Springs, NY","Liberty League",23,12,2,0.649,49.39,37.21
"Stevens","Hoboken, NJ","MAC Freedom",29,16,0,0.644,56.03,42.18
"Mount Aloysius","Cresson, PA","AMCC",27,15,0,0.643,49.74,37.46
"Otterbein","Westerville, OH","OAC",27,15,0,0.643,52.14,39.27
"Penn St.-Behrend","Erie, PA","AMCC",27,15,0,0.643,48.88,36.82
"Franklin & Marshall","Lancaster, PA","CC",25,14,0,0.641,52.52,39.55
"Baruch","New York, NY","CUNYAC",16,9,0,0.64,38.67,29.16
"Kenyon","Gambier, OH","NCAC",23,13,0,0.639,49.78,37.49
"Penn St. Harrisburg","Middletown, PA","UEC",30,17,0,0.638,54.96,41.38
"Belhaven","Jackson, MS","CCS",28,16,0,0.636,51.6,38.86
"Huntingdon","Montgomery, AL","CCS",26,15,0,0.634,54.58,41.09
"Saint Vincent","Latrobe, PA","PAC",24,14,0,0.632,49.4,37.21
"St. Joseph's (L.I.)","Patchogue, NY","SKY",24,14,0,0.632,51.03,38.43
"SUNY Maritime","Throggs Neck, NY","SKY",22,13,0,0.629,46.45,35
"Millikin","Decatur, IL","CCIW",27,16,0,0.628,52.5,39.53
"Northwestern-St. Paul","Roseville, MN","UMAC",27,16,0,0.628,48.32,36.4
"Fontbonne","St. Louis, MO","SLIAC",25,15,0,0.625,48.07,36.21
"Misericordia","Dallas, PA","MAC Freedom",28,17,0,0.622,58.11,43.74
"N.C. Wesleyan","Rocky Mount, NC","USAC",28,17,0,0.622,55.09,41.48
"Methodist","Fayetteville, NC","USAC",26,16,0,0.619,51.01,38.41
"Roanoke","Salem, VA","ODAC",26,16,0,0.619,57.88,43.57
"Allegheny","Meadville, PA","PAC",24,15,0,0.615,52.23,39.33
"Babson","Babson Park, MA","NEWMAC",24,15,0,0.615,56.09,42.22
"Claremont-M-S","Claremont, CA","SCIAC",24,15,0,0.615,53.78,40.49
"Wilkes","Wilkes-Barre, PA","MAC Freedom",24,15,0,0.615,55.58,41.84
"Minn.-Morris","Morris, MN","UMAC",22,14,0,0.611,43.23,32.57
"Cairn","Langhorne, PA","CSAC",25,16,0,0.61,47.21,35.56
"Washington Col.","Chestertown, MD","CC",25,16,0,0.61,50.94,38.36
"Pacific (OR)","Forest Grove, OR","NWC",28,18,0,0.609,47.87,36.06
"Bridgewater (VA)","Bridgewater, VA","ODAC",26,17,0,0.605,55.45,41.74
"CMSV","Riverdale, NY","SKY",26,17,0,0.605,45.31,34.13
"UMass Boston","Boston, MA","LEC",26,17,0,0.605,55,41.4
"MSOE","Milwaukee, WI","NACC",27,18,0,0.6,51.79,39
"New England Col.","Henniker, NH","NECC",24,16,0,0.6,50.4,37.95
"Spalding","Louisville, KY","SLIAC",27,18,0,0.6,52.83,39.77
"Westfield St.","Westfield, MA","MASCAC",24,16,0,0.6,49.04,36.93
"Berry","Mount Berry, GA","SAA",25,17,0,0.595,55.16,41.52
"Dickinson","Carlisle, PA","CC",22,15,0,0.595,53.62,40.36
"Farmingdale St.","Farmingdale, NY","SKY",22,15,0,0.595,47.13,35.5
"Husson","Bangor, ME","North Atlantic",25,17,0,0.595,47.98,36.13
"Marywood","Scranton, PA","AEC",22,15,0,0.595,48.86,36.8
"Mass. Maritime","Buzzards Bay, MA","MASCAC",25,17,0,0.595,46.01,34.65
"NYU","New York, NY","UAA",19,13,0,0.594,49.42,37.21
"Chicago","Chicago, IL","MWC",23,16,0,0.59,46.02,34.66
"Rhodes","Memphis, TN","SAA",26,18,1,0.589,54.43,40.97
"Centenary (LA)","Shreveport, LA","SCAC",27,19,0,0.587,54.2,40.79
"Saint John's (MN)","Collegeville, MN","MIAC",24,17,0,0.585,53.92,40.59
"Brevard","Brevard, NC","USAC",21,15,0,0.583,52.91,39.83
"Maryville (TN)","Maryville, TN","CCS",22,16,0,0.579,53.63,40.37
"Merchant Marine","Kings Point, NY","SKY",26,19,0,0.578,49.72,37.44
"Redlands","Redlands, CA","SCIAC",22,16,1,0.577,52.95,39.86
"Anna Maria","Paxton, MA","Great Northeast",23,17,0,0.575,47.17,35.52
"CWRU","Cleveland, OH","UAA",23,17,0,0.575,60.61,45.6
"McMurry","Abilene, TX","ASC",24,18,0,0.571,50.31,37.87
"Wis.-La Crosse","La Crosse, WI","WIAC",24,18,0,0.571,57.71,43.43
"Mary Hardin-Baylor","Belton, TX","ASC",25,19,0,0.568,52,39.14
"Keystone","La Plume, PA","CSAC",26,20,0,0.565,56.46,42.48
"DePauw","Greencastle, IN","NCAC",22,17,0,0.564,56.69,42.66
"Bethany Lutheran","Mankato, MN","UMAC",19,15,0,0.559,49.34,37.14
"Westminster (PA)","New Wilmington, PA","PAC",24,19,0,0.558,49.75,37.45
"Wis.-Oshkosh","Oshkosh, WI","WIAC",24,19,0,0.558,57.26,43.09
"York (PA)","York, PA","MACC",24,19,0,0.558,52.79,39.73
"Wash. & Lee","Lexington, VA","ODAC",20,16,0,0.556,56.3,42.36
"Hamilton","Clinton, NY","NESCAC",21,17,0,0.553,52.87,39.79
"Moravian","Bethlehem, PA","LAND",22,18,0,0.55,49.86,37.53
"Pacific Lutheran","Tacoma, WA","NWC",22,18,0,0.55,52.08,39.2
"Mount Union","Alliance, OH","OAC",23,19,0,0.548,56.08,42.19
"Salem St.","Salem, MA","MASCAC",23,19,0,0.548,49.33,37.13
"Southern Me.","Gorham, ME","LEC",23,19,0,0.548,58.12,43.72
"Swarthmore","Swarthmore, PA","CC",23,19,0,0.548,57.6,43.33
"Coast Guard","New London, CT","NEWMAC",18,15,0,0.545,52.66,39.63
"St. Lawrence","Canton, NY","Liberty League",19,16,0,0.543,49.22,37.05
"Wartburg","Waverly, IA","American Rivers",25,21,0,0.543,52.85,39.78
"Lewis & Clark","Portland, OR","NWC",20,17,0,0.541,48.14,36.24
"Puget Sound","Tacoma, WA","NWC",20,17,0,0.541,49.47,37.24
"Dubuque","Dubuque, IA","American Rivers",21,18,0,0.538,53.24,40.06
"Utica","Utica, NY","E8",21,18,0,0.538,45.71,34.42
"Covenant","Lookout Mountain, GA","CCS",22,19,0,0.537,53.94,40.59
"FDU-Florham","Madison, NJ","MAC Freedom",22,19,0,0.537,52.61,39.59
"Suffolk","Boston, MA","CCC",23,20,0,0.535,53.47,40.24
"William Peace","Raleigh, NC","USAC",23,20,0,0.535,54.25,40.82
"Edgewood","Madison, WI","NACC",24,21,0,0.533,50.4,37.93
"Millsaps","Jackson, MS","SAA",24,21,0,0.533,53.93,40.58
"Brandeis","Waltham, MA","UAA",18,16,0,0.529,52.94,39.84
"Wesleyan (CT)","Middletown, CT","NESCAC",18,16,0,0.529,51.71,38.92
"Willamette","Salem, OR","NWC",19,17,0,0.528,51.3,38.61
"Dominican (IL)","River Forest, IL","NACC",20,18,0,0.526,48.38,36.41
"Johns Hopkins","Baltimore, MD","CC",20,18,0,0.526,55.66,41.88
"Penn College","Williamsport, PA","UEC",20,18,0,0.526,49.59,37.32
"Southwestern (TX)","Georgetown, TX","SCAC",20,18,0,0.526,50.6,38.08
"TCNJ","Ewing, NJ","NJAC",20,18,0,0.526,55.12,41.47
"Plattsburgh St.","Plattsburgh, NY","SUNYAC",21,19,0,0.525,50.61,38.09
"Wilmington (OH)","Wilmington, OH","OAC",21,19,0,0.525,51.8,38.98
"Wis.-Stout","Menomonie, WI","WIAC",21,19,0,0.525,57.67,43.39
"Eastern Nazarene","Quincy, MA","NECC",21,19,1,0.524,50.71,38.16
"Luther","Decorah, IA","American Rivers",22,20,0,0.524,54.27,40.83
"Calvin","Grand Rapids, MI","MIAA",19,18,0,0.514,49.67,37.38
"Hampden-Sydney","Hampden-Sydney, VA","ODAC",20,19,0,0.513,57.04,42.91
"Wabash","Crawfordsville, IN","NCAC",20,19,0,0.513,53.36,40.15
"Adrian","Adrian, MI","MIAA",21,20,0,0.512,52.2,39.28
"Cobleskill St.","Cobleskill, NY","North Atlantic",21,20,0,0.512,43.26,32.57
"Coe","Cedar Rapids, IA","American Rivers",22,21,0,0.512,57.41,43.19
"Hardin-Simmons","Abilene, TX","ASC",22,21,0,0.512,49.75,37.44
"Widener","Chester, PA","MACC",21,20,0,0.512,52.99,39.87
"DeSales","Center Valley, PA","MAC Freedom",20,20,0,0.5,58.47,43.98
"Elizabethtown","Elizabethtown, PA","LAND",22,22,0,0.5,54.65,41.11
"Linfield","McMinnville, OR","NWC",20,20,0,0.5,51.79,38.97
"Manhattanville","Purchase, NY","Sky",19,19,0,0.5,50.31,37.86
"McDaniel","Westminster, MD","CC",20,20,0,0.5,46.29,34.84
"Messiah","Grantham, PA","MACC",20,20,0,0.5,52.96,39.85
"Norwich","Northfield, VT","Great Northeast",16,16,0,0.5,41.21,31.03
"RIT","Rochester, NY","Liberty League",19,19,0,0.5,52.6,39.58
"St. Norbert","De Pere, WI","NACC",19,19,0,0.5,50.13,37.73
"Worcester St.","Worcester, MA","MASCAC",19,19,0,0.5,49,36.88
"Alfred St.","Alfred, NY","AMCC",21,22,0,0.488,51.73,38.92
"Anderson (IN)","Anderson, IN","HCAC",20,21,0,0.488,48.87,36.78
"George Fox","Newberg, OR","NWC",20,21,0,0.488,52.54,39.53
"Neb. Wesleyan","Lincoln, NE","American Rivers",20,21,0,0.488,53.52,40.26
"Western New Eng.","Springfield, MA","CCC",19,20,1,0.488,54.35,40.89
"Simpson","Indianola, IA","American Rivers",19,20,0,0.487,52.91,39.8
"Springfield","Springfield, MA","NEWMAC",19,20,0,0.487,51.82,38.99
"Haverford","Haverford, PA","CC",18,19,0,0.486,53.12,39.96
"Saint Mary's (MN)","Winona, MN","MIAC",18,19,0,0.486,53.09,39.94
"Mt. St. Mary (NY)","Newburgh, NY","SKY",16,17,0,0.485,45.18,34.01
"Penn St.-Berks","Reading, PA","UEC",16,17,0,0.485,47.71,35.91
"St. Olaf","Northfield, MN","MIAC",16,17,0,0.485,52.4,39.42
"Concordia-M'head","Moorhead, MN","MIAC",15,16,0,0.484,51.45,38.71
"Nichols","Dudley, MA","CCC",19,21,1,0.476,57.78,43.46
"Concordia Chicago","River Forest, IL","NACC",19,21,0,0.475,50.27,37.82
"Oglethorpe","Atlanta, GA","SAA",19,21,0,0.475,56.85,42.76
"Ohio Northern","Ada, OH","OAC",19,21,0,0.475,50.56,38.04
"Wis.-Superior","Superior, WI","UMAC",19,21,0,0.475,49.12,36.96
"Gettysburg","Gettysburg, PA","CC",18,20,0,0.474,51.9,39.04
"John Carroll","University Heights, OH","OAC",18,20,0,0.474,51.92,39.06
"Pfeiffer","Misenheimer, NC","USAC",18,20,0,0.474,53.18,40.01
"Wheaton (IL)","Wheaton, IL","CCIW",18,20,0,0.474,50.43,37.94
"Amherst","Amherst, MA","NESCAC",16,18,1,0.471,54.18,40.75
"Clark (MA)","Worcester, MA","NEWMAC",16,18,0,0.471,52.55,39.53
"Rutgers-Newark","Newark, NJ","NJAC",16,18,0,0.471,51.19,38.51
"Union (NY)","Schenectady, NY","Liberty League",16,18,0,0.471,52.26,39.31
"WPI","Worcester, MA","NEWMAC",16,18,0,0.471,53.36,40.14
"Bard","Annandale-on-Hudson, NY","Liberty League",15,17,0,0.469,52.72,39.66
"St. Scholastica","Duluth, MN","MIAC",15,17,0,0.469,51.76,38.93
"Ripon","Ripon, WI","MWC",20,23,0,0.465,46.58,35.05
"Lancaster Bible","Lancaster, PA","UEC",18,21,0,0.462,48.58,36.55
"Va. Wesleyan","Virginia Beach, VA","ODAC",16,19,1,0.458,58.17,43.74
"Bowdoin","Brunswick, ME","NESCAC",16,19,0,0.457,49.29,37.08
"Piedmont","Demorest, GA","CCS",18,22,1,0.451,57.47,43.21
"Concordia Wisconsin","Mequon, WI","NACC",18,22,0,0.45,51.59,38.81
"Lakeland","Sheboygan, WI","NACC",17,21,0,0.447,47.28,35.57
"Penn St.-Altoona","Altoona, PA","AMCC",17,21,0,0.447,44.94,33.82
"Elms","Chicopee, MA","Great Northeast",16,20,0,0.444,41.45,31.2
"Hilbert","Hamburg, NY","AMCC",16,20,0,0.444,45.08,33.92
"St. Mary's (MD)","St. Mary's City, MD","UEC",12,15,0,0.444,51.12,38.45
"Keuka","Keuka Park, NY","E8",15,19,1,0.443,45.09,33.92
"Greenville","Greenville, IL","SLIAC",19,24,0,0.442,49.91,37.54
"MIT","Cambridge, MA","NEWMAC",18,23,1,0.44,57.69,43.38
"UMass Dartmouth","North Dartmouth, MA","LEC",18,23,1,0.44,56.01,42.12
"Carroll (WI)","Waukesha, WI","CCIW",18,23,0,0.439,52.36,39.38
"Rensselaer","Troy, NY","Liberty League",14,18,0,0.438,52.04,39.14
"Franciscan","Steubenville, OH","PAC",17,22,0,0.436,48.34,36.36
"Gwynedd Mercy","Gwynedd Valley, PA","AEC",17,22,0,0.436,55.08,41.42
"Heidelberg","Tiffin, OH","OAC",17,22,0,0.436,55.09,41.43
"Lasell","Newton, MA","Great Northeast",17,22,0,0.436,45.46,34.2
"Ill. Wesleyan","Bloomington, IL","CCIW",16,21,0,0.432,49.43,37.18
"Muhlenberg","Allentown, PA","CC",16,21,0,0.432,49.28,37.07
"Alvernia","Reading, PA","MACC",18,24,1,0.43,49.37,37.14
"La Roche","Pittsburgh, PA","AMCC",15,20,0,0.429,51.83,38.98
"Trinity (CT)","Hartford, CT","NESCAC",15,20,0,0.429,54.78,41.19
"Hiram","Hiram, OH","NCAC",17,23,0,0.425,52.3,39.33
"Mary Washington","Fredericksburg, VA","C2C",17,23,0,0.425,57.67,43.36
"Rutgers-Camden","Camden, NJ","NJAC",17,23,0,0.425,55.18,41.49
"Bluffton","Bluffton, OH","HCAC",16,22,0,0.421,48.14,36.21
"Eureka","Eureka, IL","SLIAC",16,22,0,0.421,46.1,34.68
"Hanover","Hanover, IN","HCAC",16,22,0,0.421,50.99,38.35
"Thiel","Greenville, PA","PAC",16,22,0,0.421,49.9,37.53
"St. Thomas (TX)","Houston, TX","SCAC",18,25,0,0.419,54.49,40.97
"Wentworth","Boston, MA","CCC",13,18,0,0.419,48.99,36.85
"Curry","Milton, MA","CCC",15,21,0,0.417,49.82,37.47
"Greensboro","Greensboro, NC","USAC",15,21,0,0.417,53.43,40.18
"Ramapo","Mahwah, NJ","NJAC",17,24,1,0.417,56.38,42.39
"Cornell College","Mount Vernon, IA","MWC",17,24,0,0.415,48.25,36.29
"Illinois Col.","Jacksonville, IL","MWC",17,24,0,0.415,47.12,35.45
"Stockton","Galloway, NJ","NJAC",16,23,1,0.412,53.88,40.52
"Beloit","Beloit, WI","MWC",16,23,0,0.41,48.8,36.7
"Bethany (WV)","Bethany, WV","PAC",16,23,0,0.41,49.17,36.98
"Central (IA)","Pella, IA","American Rivers",16,23,0,0.41,52.49,39.47
"Centre","Danville, KY","SAA",17,25,0,0.405,52.47,39.45
"Rockford","Rockford, IL","NACC",15,22,0,0.405,47.93,36.05
"Susquehanna","Selinsgrove, PA","LAND",17,25,0,0.405,54.66,41.09
"Thomas (ME)","Waterville, ME","North Atlantic",17,25,0,0.405,43.38,32.64
"Grinnell","Grinnell, IA","MWC",14,21,0,0.4,47.26,35.55
"JWU (Providence)","Providence, RI","Great Northeast",18,27,0,0.4,52.83,39.72
"Schreiner","Kerrville, TX","SCAC",16,24,0,0.4,49.7,37.38
"Delaware Valley","Doylestown, PA","MAC Freedom",15,23,0,0.395,53.75,40.41
"Muskingum","New Concord, OH","OAC",15,23,0,0.395,51.66,38.84
"Saint Elizabeth","Morristown, NJ","CSAC",15,23,0,0.395,48.64,36.58
"North Park","Chicago, IL","CCIW",16,25,0,0.39,55.03,41.37
"SUNY New Paltz","New Paltz, NY","SUNYAC",14,22,0,0.389,54.03,40.62
"Sul Ross St.","Alpine, TX","ASC",14,22,0,0.389,51.28,38.56
"Transylvania","Lexington, KY","HCAC",14,22,0,0.389,52.97,39.83
"Vassar","Poughkeepsie, NY","Liberty League",14,22,0,0.389,51.8,38.95
"Clarkson","Potsdam, NY","Liberty League",12,19,0,0.387,55.16,41.46
"Albion","Albion, MI","MIAA",15,24,0,0.385,48.28,36.31
"Centenary (NJ)","Hackettstown, NJ","AEC",15,24,0,0.385,51.76,38.91
"LeTourneau","Longview, TX","ASC",15,24,0,0.385,51.13,38.44
"Marian (WI)","Fond du Lac, WI","NACC",15,24,0,0.385,50.14,37.7
"Mt. St. Joseph","Cincinnati, OH","HCAC",15,24,0,0.385,47.11,35.43
"Whitman","Walla Walla, WA","NWC",15,24,0,0.385,51.67,38.85
"Trine","Angola, IN","MIAA",14,23,0,0.378,48.38,36.38
"Carthage","Kenosha, WI","CCIW",15,25,0,0.375,49.19,36.99
"Ferrum","Ferrum, VA","ODAC",15,25,0,0.375,55.09,41.41
"Occidental","Los Angeles, CA","SCIAC",14,24,2,0.375,53.63,40.32
"Juniata","Huntingdon, PA","LAND",13,22,0,0.371,51.44,38.68
"Neumann","Aston, PA","AEC",13,22,0,0.371,54.18,40.73
"Wis.-Platteville","Platteville, WI","WIAC",13,22,0,0.371,57.67,43.34
"Macalester","St. Paul, MN","MIAC",12,21,0,0.364,51.19,38.48
"Lesley","Cambridge, MA","NECC",14,25,1,0.362,46.56,35.01
"Stevenson","Stevenson, MD","MACC",14,25,1,0.362,50.82,38.21
"Elmhurst","Elmhurst, IL","CCIW",13,23,0,0.361,49.42,37.16
"SUNY Oneonta","Oneonta, NY","SUNYAC",13,23,0,0.361,51.9,39.02
"Wis. Lutheran","Milwaukee, WI","NACC",13,23,0,0.361,50.18,37.73
"Augsburg","Minneapolis, MN","MIAC",14,25,0,0.359,50.01,37.59
"Concordia (TX)","Austin, TX","ASC",14,25,0,0.359,53.71,40.37
"Eastern","St. Davids, PA","MACC",14,25,0,0.359,49.92,37.53
"Hamline","St. Paul, MN","MIAC",14,25,0,0.359,52.68,39.6
"Monmouth (IL)","Monmouth, IL","MWC",14,25,0,0.359,47.1,35.42
"Waynesburg","Waynesburg, PA","PAC",14,25,0,0.359,52.31,39.32
"Elmira","Elmira, NY","E8",13,24,1,0.355,48.22,36.25
"Old Westbury","Old Westbury, NY","SKY",12,22,0,0.353,49.65,37.32
"Averett","Danville, VA","ODAC",14,26,0,0.35,52.84,39.72
"Plymouth St.","Plymouth, NH","LEC",14,26,0,0.35,53.19,39.98
"Castleton","Castleton, VT","LEC",11,21,1,0.348,55.58,41.77
"Western Conn. St.","Danbury, CT","LEC",9,17,0,0.346,50.47,37.94
"Pitt.-Bradford","Bradford, PA","AMCC",12,23,0,0.343,48.9,36.76
"Chatham","Pittsburgh, PA","PAC",13,25,0,0.342,47.52,35.73
"Houghton","Houghton, NY","E8",13,25,0,0.342,49.19,36.98
"Ozarks (AR)","Clarksville, AR","ASC",13,25,0,0.342,52.04,39.12
"Cazenovia","Cazenovia, NY","North Atlantic",10,20,0,0.333,38.47,28.94
"East. Mennonite","Harrisonburg, VA","ODAC",12,24,0,0.333,58.23,43.76
"Guilford","Greensboro, NC","ODAC",11,22,0,0.333,56.92,42.77
"King's (PA)","Wilkes-Barre, PA","MAC Freedom",11,22,0,0.333,54.17,40.71
"New Jersey City","Jersey City, NJ","NJAC",13,26,0,0.333,53.79,40.43
"WashU","St. Louis, MO","UAA",12,24,0,0.333,56.75,42.65
"Purchase","Purchase, NY","SKY",11,23,0,0.324,49.24,37.01
"Westminster (MO)","Fulton, MO","SLIAC",11,23,0,0.324,51.6,38.78
"Lehman","Bronx, NY","CUNYAC",8,17,0,0.32,38.2,28.73
"Ursinus","Collegeville, PA","CC",12,26,0,0.316,51.3,38.56
"Southern Va.","Buena Vista, VA","USAC",10,22,0,0.312,50.87,38.23
"Geneva","Beaver Falls, PA","PAC",12,27,0,0.308,49.18,36.96
"Hood","Frederick, MD","MACC",12,27,0,0.308,51.95,39.04
"Carleton","Northfield, MN","MIAC",10,23,0,0.303,49.63,37.3
"Emerson","Boston, MA","NEWMAC",10,23,0,0.303,53.04,39.86
"Albertus Magnus","New Haven, CT","Great Northeast",10,24,0,0.294,44.38,33.36
"Fredonia","Fredonia, NY","SUNYAC",10,24,0,0.294,53.19,39.97
"Framingham St.","Framingham, MA","MASCAC",11,27,0,0.289,50.63,38.05
"MCLA","North Adams, MA","MASCAC",11,27,0,0.289,44.55,33.48
"Alma","Alma, MI","MIAA",11,28,0,0.282,53.61,40.28
"NVU-Lyndon","Lyndonville, VT","North Atlantic",9,23,0,0.281,43.3,32.55
"North Central (MN)","Minneapolis, MN","UMAC",7,18,0,0.28,46.7,35.1
"Defiance","Defiance, OH","HCAC",10,26,0,0.278,48.93,36.77
"SUNY Poly","Utica, NY","North Atlantic",8,21,0,0.276,42.03,31.59
"Howard Payne","Brownwood, TX","ASC",11,29,0,0.275,49.71,37.35
"Manchester","North Manchester, IN","HCAC",10,27,0,0.27,50.13,37.67
"Drew","Madison, NJ","LAND",10,28,1,0.269,52.28,39.28
"Williams","Williamstown, MA","NESCAC",7,19,0,0.269,55.74,41.87
"Olivet","Olivet, MI","MIAA",9,25,0,0.265,48.07,36.12
"Blackburn","Carlinville, IL","SLIAC",10,28,0,0.263,47.67,35.82
"Ohio Wesleyan","Delaware, OH","NCAC",10,28,0,0.263,52.4,39.36
"Whitworth","Spokane, WA","NWC",10,28,0,0.263,53.87,40.47
"Capital","Columbus, OH","OAC",10,29,0,0.256,51.81,38.92
"Dean","Franklin, MA","Great Northeast",9,27,0,0.25,45.39,34.1
"Fitchburg St.","Fitchburg, MA","MASCAC",10,30,0,0.25,46.36,34.83
"Gordon","Wenham, MA","CCC",9,27,0,0.25,51.28,38.52
"SUNY Canton","Canton, NY","North Atlantic",10,31,0,0.244,45.06,33.85
"Dallas","Irving, TX","SCAC",9,28,0,0.243,50.77,38.14
"St. Joseph's (Brkln)","Brooklyn, NY","SKY",9,28,0,0.243,47.19,35.45
"Wells","Aurora, NY","UEC",9,28,0,0.243,49.18,36.95
"CCNY","New York, NY","CUNYAC",8,25,0,0.242,47.11,35.39
"Me.-Farmington","Farmington, ME","North Atlantic",8,25,0,0.242,44.71,33.59
"Pitt.-Greensburg","Greensburg, PA","AMCC",7,23,0,0.233,47.71,35.84
"Knox","Galesburg, IL","MWC",8,27,0,0.229,46.61,35.02
"IIT","Chicago, IL","NACC",9,31,0,0.225,52.26,39.25
"Austin","Sherman, TX","SCAC",8,28,0,0.222,49.51,37.19
"Colby-Sawyer","New London, NH","Great Northeast",8,29,0,0.216,42.78,32.14
"Bates","Lewiston, ME","NESCAC",7,26,0,0.212,51.41,38.61
"Valley Forge","Phoenixville, PA","CSAC",6,23,0,0.207,44.04,33.08
"Oberlin","Oberlin, OH","NCAC",7,29,0,0.194,54.13,40.65
"Keene St.","Keene, NH","LEC",6,28,0,0.176,54.59,40.98
"John Jay","New York, NY","CUNYAC",6,31,0,0.162,44.18,33.17
"Rivier","Nashua, NH","Great Northeast",5,26,0,0.161,44.03,33.06
"Caltech","Pasadena, CA","SCIAC",6,32,0,0.158,53.19,39.93
"Me.-Presque Isle","Presque Isle, ME","North Atlantic",5,28,0,0.152,44.64,33.52
"Northland","Ashland, WI","UMAC",5,28,0,0.152,44.97,33.77
"Gallaudet","Washington, DC","UEC",5,32,0,0.135,48.47,36.39
"Berea","Berea, KY","CCS",5,33,0,0.132,53.57,40.21
"Sewanee","Sewanee, TN","SAA",5,36,0,0.122,58.83,44.16
"Finlandia","Hancock, MI","WIAC",4,36,0,0.1,53.43,40.09
"Whittier","Whittier, CA","SCIAC",4,36,0,0.1,55.84,41.91
"Martin Luther","New Ulm, MN","UMAC",3,28,0,0.097,46.71,35.06
"Principia","Elsah, IL","SLIAC",2,23,0,0.08,46.85,35.16
"Yeshiva","New York, NY","SKY",2,27,0,0.069,45.54,34.18
"Clarks Summit","Clarks Summit, PA","CSAC",1,24,0,0.04,46.96,35.23
"Medaille","Buffalo, NY","E8",1,24,0,0.04,44.87,33.66
"Albright","Reading, PA","MACC",1,36,0,0.027,49.64,37.24
"Maranatha Baptist","Watertown, WI","IND",0,22,0,0,37.59,28.19
